{"position": {"x": -4.67542024274442e-09, "y": 1.776706451632853e-20, "z": 0.0}, "orientation": {"x": 0.0, "y": 0.0, "z": -2.6794190746067466e-11, "w": 1.0}}