{"position": {"x": -4.675420874673896e-09, "y": 1.7767090666840113e-20, "z": 0.0}, "orientation": {"x": 0.0, "y": 0.0, "z": -2.07642097803113e-11, "w": 1.0}}