{"position": {"x": -4.6753861931498e-09, "y": 1.8599330609605566e-20, "z": 0.0}, "orientation": {"x": 0.0, "y": 0.0, "z": -4.3819067441771275e-12, "w": 1.0}}